month,site,kwh
2025-01,Harbor Array,401
2025-01,Ridge Farm,582
2025-01,Valley Roof,705
2025-02,Harbor Array,642
2025-02,Ridge Farm,855
2025-02,Valley Roof,998
2025-03,Harbor Array,842
2025-03,Ridge Farm,1240
2025-03,Valley Roof,1471
2025-04,Harbor Array,1138
2025-04,Ridge Farm,1619
2025-04,Valley Roof,1946
2025-05,Harbor Array,1408
2025-05,Ridge Farm,1821
2025-05,Valley Roof,2296
2025-06,Harbor Array,1398
2025-06,Ridge Farm,1936
2025-06,Valley Roof,2444
2025-07,Harbor Array,1370
2025-07,Ridge Farm,1852
2025-07,Valley Roof,2300
2025-08,Harbor Array,1118
2025-08,Ridge Farm,1591
2025-08,Valley Roof,1961
2025-09,Harbor Array,876
2025-09,Ridge Farm,1144
2025-09,Valley Roof,1544
2025-10,Harbor Array,627
2025-10,Ridge Farm,866
2025-10,Valley Roof,1095
2025-11,Harbor Array,458
2025-11,Ridge Farm,627
2025-11,Valley Roof,708
2025-12,Harbor Array,396
2025-12,Ridge Farm,473
2025-12,Valley Roof,652
