week_start,product,units,revenue_eur
2025-01-01,Ember,98,1127.00
2025-01-01,Lumen,58,754.00
2025-01-01,Nightjar,56,812.00
2025-01-01,Solstice,60,720.00
2025-01-08,Ember,110,1265.00
2025-01-08,Lumen,45,585.00
2025-01-08,Nightjar,61,884.50
2025-01-08,Solstice,90,1080.00
2025-01-15,Ember,128,1472.00
2025-01-15,Lumen,66,858.00
2025-01-15,Nightjar,53,768.50
2025-01-15,Solstice,85,1020.00
2025-01-22,Ember,103,1184.50
2025-01-22,Lumen,74,962.00
2025-01-22,Nightjar,33,478.50
2025-01-22,Solstice,84,1008.00
2025-01-01,Ember,120,1380.00
2025-01-01,Lumen,73,949.00
2025-01-01,Nightjar,43,623.50
2025-01-01,Solstice,114,1368.00
2025-02-08,Ember,113,1299.50
2025-02-08,Lumen,65,845.00
2025-02-08,Nightjar,50,725.00
2025-02-08,Solstice,82,984.00
2025-02-15,Ember,107,1230.50
2025-02-15,Lumen,68,884.00
2025-02-15,Nightjar,72,1044.00
2025-02-15,Solstice,88,1056.00
2025-02-22,Ember,114,1311.00
2025-02-22,Lumen,80,1040.00
2025-02-22,Nightjar,72,1044.00
2025-02-22,Solstice,85,1020.00
2025-02-01,Ember,105,1207.50
2025-02-01,Lumen,102,1326.00
2025-02-01,Nightjar,30,435.00
2025-02-01,Solstice,84,1008.00
2025-03-08,Ember,120,1380.00
2025-03-08,Lumen,99,1287.00
2025-03-08,Nightjar,37,536.50
2025-03-08,Solstice,59,708.00
2025-03-15,Ember,120,1380.00
2025-03-15,Lumen,66,858.00
2025-03-15,Nightjar,43,623.50
2025-03-15,Solstice,94,1128.00
2025-03-22,Ember,115,1322.50
2025-03-22,Lumen,75,975.00
2025-03-22,Nightjar,43,623.50
2025-03-22,Solstice,103,1236.00
2025-03-01,Ember,130,1495.00
2025-03-01,Lumen,72,936.00
2025-03-01,Nightjar,43,623.50
2025-03-01,Solstice,97,1164.00
2025-04-08,Ember,118,1357.00
2025-04-08,Lumen,60,780.00
2025-04-08,Nightjar,42,609.00
2025-04-08,Solstice,101,1212.00
2025-04-15,Ember,111,1276.50
2025-04-15,Lumen,68,884.00
2025-04-15,Nightjar,51,739.50
2025-04-15,Solstice,88,1056.00
2025-04-22,Ember,112,1288.00
2025-04-22,Lumen,49,637.00
2025-04-22,Nightjar,69,1000.50
2025-04-22,Solstice,90,1080.00
2025-04-01,Ember,101,1161.50
2025-04-01,Lumen,84,1092.00
2025-04-01,Nightjar,52,754.00
2025-04-01,Solstice,88,1056.00
2025-04-08,Ember,125,1437.50
2025-04-08,Lumen,99,1287.00
2025-04-08,Nightjar,55,797.50
2025-04-08,Solstice,107,1284.00
2025-05-15,Ember,138,1587.00
2025-05-15,Lumen,60,780.00
2025-05-15,Nightjar,42,609.00
2025-05-15,Solstice,97,1164.00
2025-05-22,Ember,92,1058.00
2025-05-22,Lumen,69,897.00
2025-05-22,Nightjar,64,928.00
2025-05-22,Solstice,101,1212.00
2025-05-01,Ember,119,1368.50
2025-05-01,Lumen,49,637.00
2025-05-01,Nightjar,76,1102.00
2025-05-01,Solstice,95,1140.00
2025-05-08,Ember,121,1391.50
2025-05-08,Lumen,78,1014.00
2025-05-08,Nightjar,27,391.50
2025-05-08,Solstice,71,852.00
2025-06-15,Ember,97,1115.50
2025-06-15,Lumen,95,1235.00
2025-06-15,Nightjar,38,551.00
2025-06-15,Solstice,85,1020.00
2025-06-22,Ember,109,1253.50
2025-06-22,Lumen,79,1027.00
2025-06-22,Nightjar,54,783.00
2025-06-22,Solstice,91,1092.00
2025-06-01,Ember,97,1115.50
2025-06-01,Lumen,34,442.00
2025-06-01,Nightjar,50,725.00
2025-06-01,Solstice,91,1092.00
2025-06-08,Ember,127,1460.50
2025-06-08,Lumen,71,923.00
2025-06-08,Nightjar,41,594.50
2025-06-08,Solstice,93,1116.00
2025-07-15,Ember,93,1069.50
2025-07-15,Lumen,60,780.00
2025-07-15,Nightjar,36,522.00
2025-07-15,Solstice,91,1092.00
2025-07-22,Ember,137,1575.50
2025-07-22,Lumen,81,1053.00
2025-07-22,Nightjar,62,899.00
2025-07-22,Solstice,91,1092.00
2025-07-01,Ember,115,1322.50
2025-07-01,Lumen,67,871.00
2025-07-01,Nightjar,45,652.50
2025-07-01,Solstice,59,708.00
2025-07-08,Ember,98,1127.00
2025-07-08,Lumen,57,741.00
2025-07-08,Nightjar,58,841.00
2025-07-08,Solstice,96,1152.00
2025-07-15,Ember,126,1449.00
2025-07-15,Lumen,91,1183.00
2025-07-15,Nightjar,44,638.00
2025-07-15,Solstice,101,1212.00
2025-08-22,Ember,135,1552.50
2025-08-22,Lumen,72,936.00
2025-08-22,Nightjar,61,884.50
2025-08-22,Solstice,86,1032.00
2025-08-01,Ember,93,1069.50
2025-08-01,Lumen,73,949.00
2025-08-01,Nightjar,38,551.00
2025-08-01,Solstice,89,1068.00
2025-08-08,Ember,106,1219.00
2025-08-08,Lumen,76,988.00
2025-08-08,Nightjar,22,319.00
2025-08-08,Solstice,113,1356.00
2025-08-15,Ember,128,1472.00
2025-08-15,Lumen,68,884.00
2025-08-15,Nightjar,37,536.50
2025-08-15,Solstice,88,1056.00
2025-09-22,Ember,120,1380.00
2025-09-22,Lumen,77,1001.00
2025-09-22,Nightjar,53,768.50
2025-09-22,Solstice,64,768.00
2025-09-01,Ember,98,1127.00
2025-09-01,Lumen,88,1144.00
2025-09-01,Nightjar,51,739.50
2025-09-01,Solstice,70,840.00
2025-09-08,Ember,102,1173.00
2025-09-08,Lumen,55,715.00
2025-09-08,Nightjar,36,522.00
2025-09-08,Solstice,102,1224.00
2025-09-15,Ember,109,1253.50
2025-09-15,Lumen,86,1118.00
2025-09-15,Nightjar,50,725.00
2025-09-15,Solstice,70,840.00
2025-10-22,Ember,104,1196.00
2025-10-22,Lumen,100,1300.00
2025-10-22,Nightjar,39,565.50
2025-10-22,Solstice,75,900.00
2025-10-01,Ember,127,1460.50
2025-10-01,Lumen,73,949.00
2025-10-01,Nightjar,48,696.00
2025-10-01,Solstice,106,1272.00
2025-10-08,Ember,90,1035.00
2025-10-08,Lumen,77,1001.00
2025-10-08,Nightjar,35,507.50
2025-10-08,Solstice,71,852.00
2025-10-15,Ember,102,1173.00
2025-10-15,Lumen,86,1118.00
2025-10-15,Nightjar,46,667.00
2025-10-15,Solstice,66,792.00
2025-10-22,Ember,98,1127.00
2025-10-22,Lumen,91,1183.00
2025-10-22,Nightjar,61,884.50
2025-10-22,Solstice,75,900.00
2025-11-01,Ember,142,1633.00
2025-11-01,Lumen,68,884.00
2025-11-01,Nightjar,33,478.50
2025-11-01,Solstice,86,1032.00
2025-11-08,Ember,123,1414.50
2025-11-08,Lumen,92,1196.00
2025-11-08,Nightjar,61,884.50
2025-11-08,Solstice,83,996.00
2025-11-15,Ember,105,1207.50
2025-11-15,Lumen,54,702.00
2025-11-15,Nightjar,47,681.50
2025-11-15,Solstice,81,972.00
2025-11-22,Ember,115,1322.50
2025-11-22,Lumen,56,728.00
2025-11-22,Nightjar,42,609.00
2025-11-22,Solstice,77,924.00
2025-12-01,Ember,97,1115.50
2025-12-01,Lumen,57,741.00
2025-12-01,Nightjar,35,507.50
2025-12-01,Solstice,73,876.00
2025-12-08,Ember,119,1368.50
2025-12-08,Lumen,73,949.00
2025-12-08,Nightjar,32,464.00
2025-12-08,Solstice,94,1128.00
2025-12-15,Ember,116,1334.00
2025-12-15,Lumen,90,1170.00
2025-12-15,Nightjar,46,667.00
2025-12-15,Solstice,85,1020.00
2025-12-22,Ember,104,1196.00
2025-12-22,Lumen,74,962.00
2025-12-22,Nightjar,54,783.00
2025-12-22,Solstice,90,1080.00
