date,max_temp_c,cold_brew_cups
2025-06-01,22.0,60
2025-06-02,22.2,81
2025-06-03,23.2,91
2025-06-04,23.3,95
2025-06-05,25.9,117
2025-06-06,18.7,66
2025-06-07,14.0,52
2025-06-08,12.9,16
2025-06-09,33.6,183
2025-06-10,25.5,108
2025-06-11,15.5,71
2025-06-12,13.3,42
2025-06-13,16.2,57
2025-06-14,22.2,97
2025-06-15,21.7,100
2025-06-16,26.1,101
2025-06-17,23.0,89
2025-06-18,18.1,55
2025-06-19,33.9,192
2025-06-20,27.6,125
2025-06-21,18.9,75
2025-06-22,13.5,54
2025-06-23,28.9,110
2025-06-24,20.5,100
2025-06-25,33.1,159
2025-06-26,16.6,59
2025-06-27,32.0,111
2025-06-28,20.7,92
2025-06-29,13.6,24
2025-06-30,17.9,49
2025-06-01,13.9,24
2025-06-02,28.7,166
2025-06-03,14.6,48
2025-06-04,13.3,47
2025-06-05,29.5,146
2025-06-06,21.8,108
2025-06-07,16.2,56
2025-06-08,26.2,109
2025-06-09,14.6,38
2025-06-10,17.9,73
2025-06-11,33.4,164
2025-06-12,31.5,137
2025-06-13,16.6,37
2025-06-14,26.1,135
2025-06-15,14.2,56
2025-06-16,17.7,65
2025-06-17,29.0,128
2025-06-18,13.6,53
2025-06-19,14.0,34
2025-06-20,25.2,106
2025-06-21,20.2,45
2025-06-22,22.6,107
2025-06-23,24.6,114
2025-06-24,15.4,45
2025-06-25,32.0,157
2025-06-26,16.2,47
2025-06-27,28.3,139
2025-06-28,32.9,154
2025-06-29,31.4,136
2025-06-30,14.3,36
